,Unnamed: 0,Tanggal,Pembukaan,Bulan,Tahun,Pembukaan_log,Pembukaan_filled
0,0,2022-01-03,177.83,1,2022,0.2402807678493827,0.2402807678493827
1,1,2022-01-04,182.63,1,2022,0.4190146830717383,0.4190146830717383
2,2,2022-01-05,179.61,1,2022,0.3074215790625559,0.3074215790625559
3,3,2022-01-06,172.7,1,2022,0.040831503375221,0.040831503375221
4,4,2022-01-07,172.89,1,2022,0.0483811700708459,0.0483811700708459
5,5,2022-01-08,172.79499999999996,1,2022,0.0446079392546173,0.0446079392546173
6,6,2022-01-09,172.89,1,2022,0.0483811700708459,0.0483811700708459
7,7,2022-01-10,169.08,1,2022,-0.1055039556086769,-0.1055039556086769
8,8,2022-01-11,172.32,1,2022,0.0256936195433821,0.0256936195433821
9,9,2022-01-12,176.12,1,2022,0.1747954107282157,0.1747954107282157
10,10,2022-01-13,175.78,1,2022,0.1616577823673943,0.1616577823673943
11,11,2022-01-14,171.34,1,2022,-0.0135852119488329,-0.0135852119488329
12,12,2022-01-15,173.56,1,2022,0.0749017473208267,0.0749017473208267
13,13,2022-01-16,171.34,1,2022,-0.0135852119488329,-0.0135852119488329
14,14,2022-01-17,172.45,1,2022,0.0308781661082251,0.0308781661082251
15,15,2022-01-18,171.51,1,2022,-0.0067466968997263,-0.0067466968997263
16,16,2022-01-19,170.0,1,2022,-0.0678580196042837,-0.0678580196042837
17,17,2022-01-20,166.98,1,2022,-0.1926320241297873,-0.1926320241297873
18,18,2022-01-21,164.41,1,2022,-0.3015906603440538,-0.3015906603440538
19,19,2022-01-22,165.695,1,2022,-0.2467851773971692,-0.2467851773971692
20,20,2022-01-23,164.41,1,2022,-0.3015906603440538,-0.3015906603440538
21,21,2022-01-24,160.02,1,2022,-0.4939263788759594,-0.4939263788759594
22,22,2022-01-25,158.98,1,2022,-0.540688652459682,-0.540688652459682
23,23,2022-01-26,163.5,1,2022,-0.3408039730438061,-0.3408039730438061
24,24,2022-01-27,162.45,1,2022,-0.3864709086699419,-0.3864709086699419
25,25,2022-01-28,165.71,1,2022,-0.2461493014678773,-0.2461493014678773
26,26,2022-01-29,164.07999999999998,1,2022,-0.315772065524989,-0.315772065524989
27,27,2022-01-30,165.71,1,2022,-0.2461493014678773,-0.2461493014678773
28,28,2022-01-31,170.16,1,2022,-0.0613430020706249,-0.0613430020706249
29,29,2022-02-01,174.01,2,2022,0.0926254844668739,0.0926254844668739
30,30,2022-02-02,174.75,2,2022,0.1216177929857539,0.1216177929857539
31,31,2022-02-03,174.48,2,2022,0.1110615244322102,0.1110615244322102
32,32,2022-02-04,171.68,2,2022,8.135851018005436e-05,8.135851018005436e-05
33,33,2022-02-05,173.08000000000004,2,2022,0.05591803438088,0.05591803438088
34,34,2022-02-06,171.68,2,2022,8.135851018005436e-05,8.135851018005436e-05
35,35,2022-02-07,172.86,2,2022,0.0471899694794629,0.0471899694794629
36,36,2022-02-08,171.73,2,2022,0.0020876233383317,0.0020876233383317
37,37,2022-02-09,176.05,2,2022,0.1720938086713281,0.1720938086713281
38,38,2022-02-10,174.14,2,2022,0.0977325022649663,0.0977325022649663
39,39,2022-02-11,172.33,2,2022,0.0260926452433166,0.0260926452433166
40,40,2022-02-12,173.235,2,2022,0.062057071635778,0.062057071635778
41,41,2022-02-13,172.33,2,2022,0.0260926452433166,0.0260926452433166
42,42,2022-02-14,167.37,2,2022,-0.1763235397194018,-0.1763235397194018
43,43,2022-02-15,170.97,2,2022,-0.0285053221547754,-0.0285053221547754
44,44,2022-02-16,171.85,2,2022,0.0068989805528229,0.0068989805528229
45,45,2022-02-17,171.03,2,2022,-0.0260824590763076,-0.0260824590763076
46,46,2022-02-18,169.82,2,2022,-0.07519874178627,-0.07519874178627
47,47,2022-02-19,170.42499999999998,2,2022,-0.050573287314858,-0.050573287314858
48,48,2022-02-20,169.82,2,2022,-0.07519874178627,-0.07519874178627
49,49,2022-02-21,170.1225,2,2022,-0.0628691103310782,-0.0628691103310782
50,50,2022-02-22,164.98,2,2022,-0.2771987288687003,-0.2771987288687003
51,51,2022-02-23,165.54,2,2022,-0.2533611037121949,-0.2533611037121949
52,52,2022-02-24,152.58,2,2022,-0.8392118905273952,-0.8392118905273952
53,53,2022-02-25,163.84,2,2022,-0.3261135028094484,-0.3261135028094484
54,54,2022-02-26,158.21,2,2022,-0.5756160447131432,-0.5756160447131432
55,55,2022-02-27,163.84,2,2022,-0.3261135028094484,-0.3261135028094484
56,56,2022-02-28,163.06,2,2022,-0.3598853288645206,-0.3598853288645206
57,57,2022-03-01,164.69,3,2022,-0.2895923715195452,-0.2895923715195452
58,58,2022-03-02,164.39,3,2022,-0.3024488881299649,-0.3024488881299649
59,59,2022-03-03,168.47,3,2022,-0.130639701294383,-0.130639701294383
60,60,2022-03-04,164.49,3,2022,-0.2981593603967614,-0.2981593603967614
61,61,2022-03-05,166.48000000000002,3,2022,-0.213626575847761,-0.213626575847761
62,62,2022-03-06,164.49,3,2022,-0.2981593603967614,-0.2981593603967614
63,63,2022-03-07,163.36,3,2022,-0.3468667062956789,-0.3468667062956789
64,64,2022-03-08,158.82,3,2022,-0.5479247741104089,-0.5479247741104089
65,65,2022-03-09,161.47,3,2022,-0.4295064170151255,-0.4295064170151255
66,66,2022-03-10,160.2,3,2022,-0.4858805113741081,-0.4858805113741081
67,67,2022-03-11,158.93,3,2022,-0.5429487325136012,-0.5429487325136012
68,68,2022-03-12,159.565,3,2022,-0.5143269803434936,-0.5143269803434936
69,69,2022-03-13,158.93,3,2022,-0.5429487325136012,-0.5429487325136012
70,70,2022-03-14,151.45,3,2022,-0.8939334483083516,-0.8939334483083516
71,71,2022-03-15,150.9,3,2022,-0.9207963650153262,-0.9207963650153262
72,72,2022-03-16,157.05,3,2022,-0.6287322316728735,-0.6287322316728735
73,73,2022-03-17,158.61,3,2022,-0.5574392780975754,-0.5574392780975754
74,74,2022-03-18,160.51,3,2022,-0.4720564014684512,-0.4720564014684512
75,75,2022-03-19,159.56,3,2022,-0.5145516614905524,-0.5145516614905524
76,76,2022-03-20,160.51,3,2022,-0.4720564014684512,-0.4720564014684512
77,77,2022-03-21,163.51,3,2022,-0.3403712273542471,-0.3403712273542471
78,78,2022-03-22,165.51,3,2022,-0.2546349617864764,-0.2546349617864764
79,79,2022-03-23,167.99,3,2022,-0.1505176615039833,-0.1505176615039833
80,80,2022-03-24,171.06,3,2022,-0.0248715196972526,-0.0248715196972526
81,81,2022-03-25,173.88,3,2022,0.087512570757152,0.087512570757152
82,82,2022-03-26,172.47000000000003,3,2022,0.0316752529605816,0.0316752529605816
83,83,2022-03-27,173.88,3,2022,0.087512570757152,0.087512570757152
84,84,2022-03-28,172.17,3,2022,0.0197039396286797,0.0197039396286797
85,85,2022-03-29,176.69,3,2022,0.1967326019082072,0.1967326019082072
86,86,2022-03-30,178.55,3,2022,0.2675633523603896,0.2675633523603896
87,87,2022-03-31,177.84,3,2022,0.2406608606342743,0.2406608606342743
88,88,2022-04-01,174.03,4,2022,0.0934115629903923,0.0934115629903923
89,89,2022-04-02,175.935,4,2022,0.1676518587500184,0.1676518587500184
90,90,2022-04-03,174.03,4,2022,0.0934115629903923,0.0934115629903923
91,91,2022-04-04,174.57,4,2022,0.1145830822887592,0.1145830822887592
92,92,2022-04-05,177.5,4,2022,0.2277191558827512,0.2277191558827512
93,93,2022-04-06,172.36,4,2022,0.0272895078227022,0.0272895078227022
94,94,2022-04-07,171.16,4,2022,-0.0208374225347121,-0.0208374225347121
95,95,2022-04-08,171.78,4,2022,0.0040929862935847,0.0040929862935847
96,96,2022-04-09,171.46999999999997,4,2022,-0.0083548172834824,-0.0083548172834824
97,97,2022-04-10,171.78,4,2022,0.0040929862935847,0.0040929862935847
98,98,2022-04-11,168.71,4,2022,-0.1207334833469375,-0.1207334833469375
99,99,2022-04-12,168.02,4,2022,-0.1492727205564181,-0.1492727205564181
100,100,2022-04-13,167.39,4,2022,-0.1754887889859087,-0.1754887889859087
101,101,2022-04-14,170.62,4,2022,-0.0426649045777931,-0.0426649045777931
102,102,2022-04-15,169.005,4,2022,-0.1085868613012342,-0.1085868613012342
103,103,2022-04-16,170.62,4,2022,-0.0426649045777931,-0.0426649045777931
104,104,2022-04-17,169.8125,4,2022,-0.0755048659427678,-0.0755048659427678
105,105,2022-04-18,163.92,4,2022,-0.3226637598017945,-0.3226637598017945
106,106,2022-04-19,165.02,4,2022,-0.2754919003403971,-0.2754919003403971
107,107,2022-04-20,168.76,4,2022,-0.1186724264652059,-0.1186724264652059
108,108,2022-04-21,168.91,4,2022,-0.1124949092416619,-0.1124949092416619
109,109,2022-04-22,166.46,4,2022,-0.2144683826934993,-0.2144683826934993
110,110,2022-04-23,167.685,4,2022,-0.1631940773500695,-0.1631940773500695
111,111,2022-04-24,166.46,4,2022,-0.2144683826934993,-0.2144683826934993
112,112,2022-04-25,161.12,4,2022,-0.4449740939923697,-0.4449740939923697
113,113,2022-04-26,162.25,4,2022,-0.3952210660417462,-0.3952210660417462
114,114,2022-04-27,155.91,4,2022,-0.681525912737107,-0.681525912737107
115,115,2022-04-28,159.25,4,2022,-0.5285031528052546,-0.5285031528052546
116,116,2022-04-29,161.84,4,2022,-0.4132110511784479,-0.4132110511784479
117,117,2022-04-30,160.54500000000002,4,2022,-0.4704982040787364,-0.4704982040787364
118,118,2022-05-01,161.84,5,2022,-0.4132110511784479,-0.4132110511784479
119,119,2022-05-02,156.71,5,2022,-0.644415670879245,-0.644415670879245
120,120,2022-05-03,158.15,5,2022,-0.5783486786430062,-0.5783486786430062
121,121,2022-05-04,159.67,5,2022,-0.5096111853064599,-0.5096111853064599
122,122,2022-05-05,163.85,5,2022,-0.3256821427279399,-0.3256821427279399
123,123,2022-05-06,156.01,5,2022,-0.6768710751587007,-0.6768710751587007
124,124,2022-05-07,159.93,5,2022,-0.4979545536950888,-0.4979545536950888
125,125,2022-05-08,156.01,5,2022,-0.6768710751587007,-0.6768710751587007
126,126,2022-05-09,154.93,5,2022,-0.7273884647426844,-0.7273884647426844
127,127,2022-05-10,155.52,5,2022,-0.6997238993647943,-0.6997238993647943
128,128,2022-05-11,153.5,5,2022,-0.795119594625991,-0.795119594625991
129,129,2022-05-12,142.77,5,2022,-1.336339313548626,-1.336339313548626
130,130,2022-05-13,144.59,5,2022,-1.240190617501243,-1.240190617501243
131,131,2022-05-14,143.68,5,2022,-1.2880301264284968,-1.2880301264284968
132,132,2022-05-15,144.59,5,2022,-1.240190617501243,-1.240190617501243
133,133,2022-05-16,145.55,5,2022,-1.190223429892738,-1.190223429892738
134,134,2022-05-17,148.86,5,2022,-1.0217676935190003,-1.0217676935190003
135,135,2022-05-18,146.85,5,2022,-1.1233642565193904,-1.1233642565193904
136,136,2022-05-19,139.88,5,2022,-1.4929635124579204,-1.4929635124579204
137,137,2022-05-20,139.09,5,2022,-1.5366491618689972,-1.5366491618689972
138,138,2022-05-21,139.485,5,2022,-1.514758639320562,-1.514758639320562
139,139,2022-05-22,139.09,5,2022,-1.5366491618689972,-1.5366491618689972
140,140,2022-05-23,137.79,5,2022,-1.6093761654255172,-1.6093761654255172
141,141,2022-05-24,140.81,5,2022,-1.4420212176034932,-1.4420212176034932
142,142,2022-05-25,138.43,5,2022,-1.5734404770235686,-1.5734404770235686
143,143,2022-05-26,137.39,5,2022,-1.631966955615692,-1.631966955615692
144,144,2022-05-27,145.39,5,2022,-1.1985159373972527,-1.1985159373972527
145,145,2022-05-28,141.39,5,2022,-1.4105127048238384,-1.4105127048238384
146,146,2022-05-29,145.39,5,2022,-1.1985159373972527,-1.1985159373972527
147,147,2022-05-30,143.39,5,2022,-1.3033740122075836,-1.3033740122075836
148,148,2022-05-31,149.07,5,2022,-1.0112752257779531,-1.0112752257779531
149,149,2022-06-01,149.9,6,2022,-0.9700271758675814,-0.9700271758675814
150,150,2022-06-02,147.83,6,2022,-1.073563376336305,-1.073563376336305
151,151,2022-06-03,146.9,6,2022,-1.1208109922947191,-1.1208109922947191
152,152,2022-06-04,147.365,6,2022,-1.097129680816241,-1.097129680816241
153,153,2022-06-05,146.9,6,2022,-1.1208109922947191,-1.1208109922947191
154,154,2022-06-06,147.03,6,2022,-1.1141787755204795,-1.1141787755204795
155,155,2022-06-07,144.35,6,2022,-1.2527624520226324,-1.2527624520226324
156,156,2022-06-08,148.58,6,2022,-1.035793229618579,-1.035793229618579
157,157,2022-06-09,147.08,6,2022,-1.1116303313458105,-1.1116303313458105
158,158,2022-06-10,140.28,6,2022,-1.4709890152033416,-1.4709890152033416
159,159,2022-06-11,143.68,6,2022,-1.2880301264284968,-1.2880301264284968
160,160,2022-06-12,140.28,6,2022,-1.4709890152033416,-1.4709890152033416
161,161,2022-06-13,132.87,6,2022,-1.89449153132816,-1.89449153132816
162,162,2022-06-14,133.13,6,2022,-1.879018886033592,-1.879018886033592
163,163,2022-06-15,134.29,6,2022,-1.8105506082901364,-1.8105506082901364
164,164,2022-06-16,132.08,6,2022,-1.94179235594463,-1.94179235594463
165,165,2022-06-17,130.07,6,2022,-2.0641313152265384,-2.0641313152265384
166,166,2022-06-18,131.075,6,2022,-2.0026003382580666,-2.0026003382580666
167,167,2022-06-19,130.07,6,2022,-2.0641313152265384,-2.0641313152265384
168,168,2022-06-20,130.5725,6,2022,-2.0332745714986724,-2.0332745714986724
169,169,2022-06-21,133.42,6,2022,-1.8618158027089755,-1.8618158027089755
170,170,2022-06-22,134.79,6,2022,-1.7813189503533446,-1.7813189503533446
171,171,2022-06-23,136.82,6,2022,-1.6643346513681436,-1.6643346513681436
172,172,2022-06-24,139.9,6,2022,-1.491862486675118,-1.491862486675118
173,173,2022-06-25,138.36,6,2022,-1.5773584541769912,-1.5773584541769912
174,174,2022-06-26,139.9,6,2022,-1.491862486675118,-1.491862486675118
175,175,2022-06-27,142.7,6,2022,-1.3400750765956004,-1.3400750765956004
176,176,2022-06-28,142.13,6,2022,-1.370600434901818,-1.370600434901818
177,177,2022-06-29,137.46,6,2022,-1.6280062505365027,-1.6280062505365027
178,178,2022-06-30,137.25,6,2022,-1.6398977090097355,-1.6398977090097355
179,179,2022-07-01,136.04,7,2022,-1.7089657724457716,-1.7089657724457716
180,180,2022-07-02,136.64499999999998,7,2022,-1.6743138538439006,-1.6743138538439006
181,181,2022-07-03,136.04,7,2022,-1.7089657724457716,-1.7089657724457716
182,182,2022-07-04,136.34249999999997,7,2022,-1.6916101757249602,-1.6916101757249602
183,183,2022-07-05,137.77,7,2022,-1.610503302255207,-1.610503302255207
184,184,2022-07-06,141.35,7,2022,-1.4126793019832604,-1.4126793019832604
185,185,2022-07-07,143.29,7,2022,-1.3086761112793173,-1.3086761112793173
186,186,2022-07-08,145.26,7,2022,-1.2052639729111034,-1.2052639729111034
187,187,2022-07-09,144.27499999999998,7,2022,-1.256697764918044,-1.256697764918044
188,188,2022-07-10,145.26,7,2022,-1.2052639729111034,-1.2052639729111034
189,189,2022-07-11,145.67,7,2022,-1.1840132723146224,-1.1840132723146224
190,190,2022-07-12,145.76,7,2022,-1.1793608309630113,-1.1793608309630113
191,191,2022-07-13,142.99,7,2022,-1.324616713867968,-1.324616713867968
192,192,2022-07-14,144.08,7,2022,-1.2669443636638125,-1.2669443636638125
193,193,2022-07-15,149.78,7,2022,-0.97596893357769,-0.97596893357769
194,194,2022-07-16,146.93,7,2022,-1.1192796772283553,-1.1192796772283553
195,195,2022-07-17,149.78,7,2022,-0.97596893357769,-0.97596893357769
196,196,2022-07-18,150.74,7,2022,-0.9286394178180662,-0.9286394178180662
197,197,2022-07-19,147.92,7,2022,-1.0690153624917225,-1.0690153624917225
198,198,2022-07-20,151.12,7,2022,-0.9100330957719984,-0.9100330957719984
199,199,2022-07-21,154.5,7,2022,-0.7476534186354054,-0.7476534186354054
200,200,2022-07-22,155.39,7,2022,-0.7058055546520907,-0.7058055546520907
201,201,2022-07-23,154.945,7,2022,-0.7266831147678955,-0.7266831147678955
202,202,2022-07-24,155.39,7,2022,-0.7058055546520907,-0.7058055546520907
203,203,2022-07-25,154.01,7,2022,-0.7708524132110492,-0.7708524132110492
204,204,2022-07-26,152.26,7,2022,-0.8546446380920374,-0.8546446380920374
205,205,2022-07-27,152.58,7,2022,-0.8392118905273952,-0.8392118905273952
206,206,2022-07-28,156.98,7,2022,-0.63195688870947,-0.63195688870947
207,207,2022-07-29,161.24,7,2022,-0.439665051856372,-0.439665051856372
208,208,2022-07-30,159.11,7,2022,-0.5348175757246852,-0.5348175757246852
209,209,2022-07-31,161.24,7,2022,-0.439665051856372,-0.439665051856372
210,210,2022-08-01,161.01,8,2022,-0.4498460809323479,-0.4498460809323479
211,211,2022-08-02,160.1,8,2022,-0.4903487138592066,-0.4903487138592066
212,212,2022-08-03,160.84,8,2022,-0.4573856303228825,-0.4573856303228825
213,213,2022-08-04,166.01,8,2022,-0.2334504171381274,-0.2334504171381274
214,214,2022-08-05,163.21,8,2022,-0.3533713996303237,-0.3533713996303237
215,215,2022-08-06,164.61,8,2022,-0.2930172385991239,-0.2930172385991239
216,216,2022-08-07,163.21,8,2022,-0.3533713996303237,-0.3533713996303237
217,217,2022-08-08,166.37,8,2022,-0.2182584469089089,-0.2182584469089089
218,218,2022-08-09,164.02,8,2022,-0.3183552345499385,-0.3183552345499385
219,219,2022-08-10,167.68,8,2022,-0.1634021840157097,-0.1634021840157097
220,220,2022-08-11,170.06,8,2022,-0.0654137788203677,-0.0654137788203677
221,221,2022-08-12,169.82,8,2022,-0.07519874178627,-0.07519874178627
222,222,2022-08-13,169.94,8,2022,-0.070303592896658,-0.070303592896658
223,223,2022-08-14,169.82,8,2022,-0.07519874178627,-0.07519874178627
224,224,2022-08-15,171.52,8,2022,-0.0063447572984346,-0.0063447572984346
225,225,2022-08-16,172.78,8,2022,0.0440118730990098,0.0440118730990098
226,226,2022-08-17,172.77,8,2022,0.0436144512617998,0.0436144512617998
227,227,2022-08-18,173.75,8,2022,0.0823937499386471,0.0823937499386471
228,228,2022-08-19,173.03,8,2022,0.0539358882613,0.0539358882613
229,229,2022-08-20,173.39,8,2022,0.0681876317553516,0.0681876317553516
230,230,2022-08-21,173.03,8,2022,0.0539358882613,0.0539358882613
231,231,2022-08-22,169.69,8,2022,-0.0805078510434546,-0.0805078510434546
232,232,2022-08-23,167.08,8,2022,-0.1884447585079892,-0.1884447585079892
233,233,2022-08-24,167.32,8,2022,-0.1784110905510209,-0.1784110905510209
234,234,2022-08-25,168.78,8,2022,-0.117848267710768,-0.117848267710768
235,235,2022-08-26,170.57,8,2022,-0.0446913639862169,-0.0446913639862169
236,236,2022-08-27,169.675,8,2022,-0.0811208447391546,-0.0811208447391546
237,237,2022-08-28,170.57,8,2022,-0.0446913639862169,-0.0446913639862169
238,238,2022-08-29,161.15,8,2022,-0.443646261331628,-0.443646261331628
239,239,2022-08-30,162.13,8,2022,-0.4004791573077208,-0.4004791573077208
240,240,2022-08-31,160.3,8,2022,-0.481416612282992,-0.481416612282992
241,241,2022-09-01,156.64,9,2022,-0.6476511350615862,-0.6476511350615862
242,242,2022-09-02,159.75,9,2022,-0.5060214104386377,-0.5060214104386377
243,243,2022-09-03,158.195,9,2022,-0.5762990532157022,-0.5762990532157022
244,244,2022-09-04,159.75,9,2022,-0.5060214104386377,-0.5060214104386377
245,245,2022-09-05,158.97249999999997,9,2022,-0.5410275945176858,-0.5410275945176858
246,246,2022-09-06,156.47,9,2022,-0.6555179899964376,-0.6555179899964376
247,247,2022-09-07,154.82,9,2022,-0.7325642535291566,-0.7325642535291566
248,248,2022-09-08,154.64,9,2022,-0.7410459795286309,-0.7410459795286309
249,249,2022-09-09,155.47,9,2022,-0.7020620687226516,-0.7020620687226516
250,250,2022-09-10,155.055,9,2022,-0.7215137664605972,-0.7215137664605972
251,251,2022-09-11,155.47,9,2022,-0.7020620687226516,-0.7020620687226516
252,252,2022-09-12,159.59,9,2022,-0.5132037376026212,-0.5132037376026212
253,253,2022-09-13,159.9,9,2022,-0.4992980563213611,-0.4992980563213611
254,254,2022-09-14,154.79,9,2022,-0.7339768173901364,-0.7339768173901364
255,255,2022-09-15,154.65,9,2022,-0.7405743728593281,-0.7405743728593281
256,256,2022-09-16,151.21,9,2022,-0.905636906277817,-0.905636906277817
257,257,2022-09-17,152.93,9,2022,-0.8223894115361035,-0.8223894115361035
258,258,2022-09-18,151.21,9,2022,-0.905636906277817,-0.905636906277817
259,259,2022-09-19,149.31,9,2022,-0.999311725148612,-0.999311725148612
260,260,2022-09-20,153.4,9,2022,-0.7998924605453059,-0.7998924605453059
261,261,2022-09-21,157.34,9,2022,-0.6153965349010204,-0.6153965349010204
262,262,2022-09-22,152.38,9,2022,-0.848851497163985,-0.848851497163985
263,263,2022-09-23,151.19,9,2022,-0.906613488289808,-0.906613488289808
264,264,2022-09-24,151.785,9,2022,-0.8776451409979314,-0.8776451409979314
265,265,2022-09-25,151.19,9,2022,-0.906613488289808,-0.906613488289808
266,266,2022-09-26,149.66,9,2022,-0.9819180410529552,-0.9819180410529552
267,267,2022-09-27,152.74,9,2022,-0.8315142332527734,-0.8315142332527734
268,268,2022-09-28,147.64,9,2022,-1.083178782401268,-1.083178782401268
269,269,2022-09-29,146.1,9,2022,-1.161824859061454,-1.161824859061454
270,270,2022-09-30,141.28,9,2022,-1.4164731234020185,-1.4164731234020185
271,271,2022-10-01,143.69,10,2022,-1.287501879060745,-1.287501879060745
272,272,2022-10-02,141.28,10,2022,-1.4164731234020185,-1.4164731234020185
273,273,2022-10-03,138.21,10,2022,-1.5857644220368805,-1.5857644220368805
274,274,2022-10-04,145.03,10,2022,-1.217225656445827,-1.217225656445827
275,275,2022-10-05,144.07,10,2022,-1.2674704068944778,-1.2674704068944778
276,276,2022-10-06,145.81,10,2022,-1.1767780557780778,-1.1767780557780778
277,277,2022-10-07,142.54,10,2022,-1.3486245876275005,-1.3486245876275005
278,278,2022-10-08,144.17499999999998,10,2022,-1.261949760406586,-1.261949760406586
279,279,2022-10-09,142.54,10,2022,-1.3486245876275005,-1.3486245876275005
280,280,2022-10-10,140.42,10,2022,-1.4633207576133185,-1.4633207576133185
281,281,2022-10-11,139.9,10,2022,-1.491862486675118,-1.491862486675118
282,282,2022-10-12,139.13,10,2022,-1.5344280392921354,-1.5344280392921354
283,283,2022-10-13,134.99,10,2022,-1.7696730543725123,-1.7696730543725123
284,284,2022-10-14,144.31,10,2022,-1.2548608929473195,-1.2548608929473195
285,285,2022-10-15,139.65,10,2022,-1.5056427835814494,-1.5056427835814494
286,286,2022-10-16,144.31,10,2022,-1.2548608929473195,-1.2548608929473195
287,287,2022-10-17,141.07,10,2022,-1.4278720043153623,-1.4278720043153623
288,288,2022-10-18,145.49,10,2022,-1.19333147151133,-1.19333147151133
289,289,2022-10-19,141.69,10,2022,-1.3942933071373658,-1.3942933071373658
290,290,2022-10-20,143.02,10,2022,-1.323020332934006,-1.323020332934006
291,291,2022-10-21,142.87,10,2022,-1.3310074074704623,-1.3310074074704623
292,292,2022-10-22,142.94500000000002,10,2022,-1.3270122541890343,-1.3270122541890343
293,293,2022-10-23,142.87,10,2022,-1.3310074074704623,-1.3310074074704623
294,294,2022-10-24,147.18,10,2022,-1.1065374505915178,-1.1065374505915178
295,295,2022-10-25,150.09,10,2022,-0.9606343876997446,-0.9606343876997446
296,296,2022-10-26,150.96,10,2022,-0.9178585276535878,-0.9178585276535878
297,297,2022-10-27,148.07,10,2022,-1.0614448192052302,-1.0614448192052302
298,298,2022-10-28,148.2,10,2022,-1.05489324657458,-1.05489324657458
299,299,2022-10-29,148.135,10,2022,-1.058167924042415,-1.058167924042415
300,300,2022-10-30,148.2,10,2022,-1.05489324657458,-1.05489324657458
301,301,2022-10-31,153.15,10,2022,-0.8118456602436456,-0.8118456602436456
302,302,2022-11-01,155.08,11,2022,-0.7203397038419577,-0.7203397038419577
303,303,2022-11-02,148.95,11,2022,-1.0172681268240558,-1.0172681268240558
304,304,2022-11-03,142.06,11,2022,-1.3743621830249817,-1.3743621830249817
305,305,2022-11-04,142.09,11,2022,-1.3727496552451748,-1.3727496552451748
306,306,2022-11-05,142.07500000000002,11,2022,-1.373555853486197,-1.373555853486197
307,307,2022-11-06,142.09,11,2022,-1.3727496552451748,-1.3727496552451748
308,308,2022-11-07,137.11,11,2022,-1.6478409469150983,-1.6478409469150983
309,309,2022-11-08,140.41,11,2022,-1.463868099203714,-1.463868099203714
310,310,2022-11-09,138.5,11,2022,-1.5695255539956745,-1.5695255539956745
311,311,2022-11-10,141.24,11,2022,-1.4186423233171528,-1.4186423233171528
312,312,2022-11-11,145.82,11,2022,-1.1762616646945394,-1.1762616646945394
313,313,2022-11-12,143.53000000000003,11,2022,-1.2959606484597588,-1.2959606484597588
314,314,2022-11-13,145.82,11,2022,-1.1762616646945394,-1.1762616646945394
315,315,2022-11-14,148.97,11,2022,-1.0162687927494716,-1.0162687927494716
316,316,2022-11-15,152.21,11,2022,-0.8570605267037538,-0.8570605267037538
317,317,2022-11-16,149.13,11,2022,-1.0082815657824613,-1.0082815657824613
318,318,2022-11-17,146.43,11,2022,-1.1448647539991978,-1.1448647539991978
319,319,2022-11-18,152.3,11,2022,-0.8527128084892464,-0.8527128084892464
320,320,2022-11-19,149.365,11,2022,-0.9965742677255754,-0.9965742677255754
321,321,2022-11-20,152.3,11,2022,-0.8527128084892464,-0.8527128084892464
322,322,2022-11-21,150.16,11,2022,-0.9571785102710124,-0.9571785102710124
323,323,2022-11-22,148.13,11,2022,-1.0584199141349124,-1.0584199141349124
324,324,2022-11-23,149.45,11,2022,-0.992346709516757,-0.992346709516757
325,325,2022-11-24,148.79000000000002,11,2022,-1.0252702594316978,-1.0252702594316978
326,326,2022-11-25,148.3,11,2022,-1.0498596059713774,-1.0498596059713774
327,327,2022-11-26,148.3,11,2022,-1.0498596059713774,-1.0498596059713774
328,328,2022-11-27,148.3,11,2022,-1.0498596059713774,-1.0498596059713774
329,329,2022-11-28,145.14,11,2022,-1.2115012029850707,-1.2115012029850707
330,330,2022-11-29,144.29,11,2022,-1.255910449911137,-1.255910449911137
331,331,2022-11-30,141.4,11,2022,-1.4099712032454397,-1.4099712032454397
332,332,2022-12-01,148.21,12,2022,-1.0543896467206977,-1.0543896467206977
333,333,2022-12-02,145.96,12,2022,-1.169037921247699,-1.169037921247699
334,334,2022-12-03,147.085,12,2022,-1.111375560441036,-1.111375560441036
335,335,2022-12-04,145.96,12,2022,-1.169037921247699,-1.169037921247699
336,336,2022-12-05,147.77,12,2022,-1.076597759579949,-1.076597759579949
337,337,2022-12-06,147.07,12,2022,-1.112139913243969,-1.112139913243969
338,338,2022-12-07,142.19,12,2022,-1.367378353098125,-1.367378353098125
339,339,2022-12-08,142.36,12,2022,-1.3582604988199265,-1.3582604988199265
340,340,2022-12-09,142.34,12,2022,-1.3593323156932096,-1.3593323156932096
341,341,2022-12-10,142.35000000000002,12,2022,-1.3587963782220045,-1.3587963782220045
342,342,2022-12-11,142.34,12,2022,-1.3593323156932096,-1.3593323156932096
343,343,2022-12-12,142.7,12,2022,-1.3400750765956004,-1.3400750765956004
344,344,2022-12-13,149.5,12,2022,-0.9898616431778228,-0.9898616431778228
345,345,2022-12-14,145.35,12,2022,-1.2005912643237588,-1.2005912643237588
346,346,2022-12-15,141.11,12,2022,-1.4256987718372838,-1.4256987718372838
347,347,2022-12-16,136.68,12,2022,-1.6723164372593968,-1.6723164372593968
348,348,2022-12-17,138.89499999999998,12,2022,-1.5474912577234865,-1.5474912577234865
349,349,2022-12-18,136.68,12,2022,-1.6723164372593968,-1.6723164372593968
350,350,2022-12-19,135.11,12,2022,-1.7626982785615717,-1.7626982785615717
351,351,2022-12-20,131.39,12,2022,-1.983463988646184,-1.983463988646184
352,352,2022-12-21,132.98,12,2022,-1.887939720385771,-1.887939720385771
353,353,2022-12-22,134.35,12,2022,-1.807033954900145,-1.807033954900145
354,354,2022-12-23,130.92,12,2022,-2.0120426830255163,-2.0120426830255163
355,355,2022-12-24,132.635,12,2022,-1.9085166374538567,-1.9085166374538567
356,356,2022-12-25,130.92,12,2022,-2.0120426830255163,-2.0120426830255163
357,357,2022-12-26,131.77749999999995,12,2022,-1.9600200310815097,-1.9600200310815097
358,358,2022-12-27,131.38,12,2022,-1.984070404580489,-1.984070404580489
359,359,2022-12-28,129.67,12,2022,-2.088825554955449,-2.088825554955449
360,360,2022-12-29,127.99,12,2022,-2.193837454954378,-2.193837454954378
361,361,2022-12-30,128.41,12,2022,-2.167386055245879,-2.167386055245879
362,362,2022-12-31,128.2,12,2022,-2.1805950596541344,-2.1805950596541344
363,363,2023-01-01,128.41,1,2023,-2.167386055245879,-2.167386055245879
364,364,2023-01-02,128.30499999999998,1,2023,-2.1739863922432043,-2.1739863922432043
365,365,2023-01-03,130.28,1,2023,-2.0512136463836814,-2.0512136463836814
366,366,2023-01-04,126.89,1,2023,-2.263753430776232,-2.263753430776232
367,367,2023-01-05,127.13,1,2023,-2.24841954660275,-2.24841954660275
368,368,2023-01-06,126.01,1,2023,-2.3203622806588524,-2.3203622806588524
369,369,2023-01-07,126.57,1,2023,-2.2842682771492777,-2.2842682771492777
370,370,2023-01-08,126.01,1,2023,-2.3203622806588524,-2.3203622806588524
371,371,2023-01-09,130.46,1,2023,-2.0401668782429176,-2.0401668782429176
372,372,2023-01-10,130.26,1,2023,-2.05244251737368,-2.05244251737368
373,373,2023-01-11,131.25,1,2023,-1.9919602921412307,-1.9919602921412307
374,374,2023-01-12,133.88,1,2023,-1.8346460747428344,-1.8346460747428344
375,375,2023-01-13,132.03,1,2023,-1.9448007530055973,-1.9448007530055973
376,376,2023-01-14,132.95499999999998,1,2023,-1.88942803448004,-1.88942803448004
377,377,2023-01-15,132.03,1,2023,-1.9448007530055973,-1.9448007530055973
378,378,2023-01-16,132.4925,1,2023,-1.9170398959015051,-1.9170398959015051
379,379,2023-01-17,134.83,1,2023,-1.778987640463016,-1.778987640463016
380,380,2023-01-18,136.82,1,2023,-1.6643346513681436,-1.6643346513681436
381,381,2023-01-19,134.08,1,2023,-1.8228779971163516,-1.8228779971163516
382,382,2023-01-20,135.28,1,2023,-1.752833680272669,-1.752833680272669
383,383,2023-01-21,134.68,1,2023,-1.787735556427924,-1.787735556427924
384,384,2023-01-22,135.28,1,2023,-1.752833680272669,-1.752833680272669
385,385,2023-01-23,138.12,1,2023,-1.5908147590144657,-1.5908147590144657
386,386,2023-01-24,140.3,1,2023,-1.4698928273341885,-1.4698928273341885
387,387,2023-01-25,140.89,1,2023,-1.4376633243832606,-1.4376633243832606
388,388,2023-01-26,143.17,1,2023,-1.3150461693281623,-1.3150461693281623
389,389,2023-01-27,143.15,1,2023,-1.3161086464107348,-1.3161086464107348
390,390,2023-01-28,143.16,1,2023,-1.315577379249625,-1.315577379249625
391,391,2023-01-29,143.15,1,2023,-1.3161086464107348,-1.3161086464107348
392,392,2023-01-30,144.96,1,2023,-1.220871979017855,-1.220871979017855
393,393,2023-01-31,142.7,1,2023,-1.3400750765956004,-1.3400750765956004
394,394,2023-02-01,143.97,2,2023,-1.272733938843529,-1.272733938843529
395,395,2023-02-02,148.9,2,2023,-1.0197673680428552,-1.0197673680428552
396,396,2023-02-03,148.03,2,2023,-1.0634624734310345,-1.0634624734310345
397,397,2023-02-04,148.465,2,2023,-1.0415655379758884,-1.0415655379758884
398,398,2023-02-05,148.03,2,2023,-1.0634624734310345,-1.0634624734310345
399,399,2023-02-06,152.57,2,2023,-0.8396934076929363,-0.8396934076929363
400,400,2023-02-07,150.64,2,2023,-0.9335478521715318,-0.9335478521715318
401,401,2023-02-08,153.88,2,2023,-0.7770263769175998,-0.7770263769175998
402,402,2023-02-09,153.77,2,2023,-0.7822567905840057,-0.7822567905840057
403,403,2023-02-10,149.46,2,2023,-0.991849593631121,-0.991849593631121
404,404,2023-02-11,151.615,2,2023,-0.8859039087253145,-0.8859039087253145
405,405,2023-02-12,149.46,2,2023,-0.991849593631121,-0.991849593631121
406,406,2023-02-13,150.95,2,2023,-0.9183480420794484,-0.9183480420794484
407,407,2023-02-14,152.12,2,2023,-0.8614122137935041,-0.8614122137935041
408,408,2023-02-15,153.11,2,2023,-0.8137609668273107,-0.8137609668273107
409,409,2023-02-16,153.51,2,2023,-0.7946425719483232,-0.7946425719483232
410,410,2023-02-17,152.35,2,2023,-0.8502991222379086,-0.8502991222379086
411,411,2023-02-18,152.93,2,2023,-0.8223894115361035,-0.8223894115361035
412,412,2023-02-19,152.35,2,2023,-0.8502991222379086,-0.8502991222379086
413,413,2023-02-20,152.64,2,2023,-0.8363238099005232,-0.8363238099005232
414,414,2023-02-21,150.2,2,2023,-0.9552048390443508,-0.9552048390443508
415,415,2023-02-22,148.87,2,2023,-1.0212675344062416,-1.0212675344062416
416,416,2023-02-23,150.09,2,2023,-0.9606343876997446,-0.9606343876997446
417,417,2023-02-24,147.11,2,2023,-1.110101906314151,-1.110101906314151
418,418,2023-02-25,148.60000000000002,2,2023,-1.0347900535269932,-1.0347900535269932
419,419,2023-02-26,147.11,2,2023,-1.110101906314151,-1.110101906314151
420,420,2023-02-27,147.71,2,2023,-1.0796340443170973,-1.0796340443170973
421,421,2023-02-28,147.05,2,2023,-1.1131592374270034,-1.1131592374270034
422,422,2023-03-01,146.83,3,2023,-1.1243859377819576,-1.1243859377819576
423,423,2023-03-02,144.38,3,2023,-1.2511892098963686,-1.2511892098963686
424,424,2023-03-03,148.04,3,2023,-1.062957981020681,-1.062957981020681
425,425,2023-03-04,146.20999999999998,3,2023,-1.156164929390415,-1.156164929390415
426,426,2023-03-05,148.04,3,2023,-1.062957981020681,-1.062957981020681
427,427,2023-03-06,153.79,3,2023,-0.7813053768624538,-0.7813053768624538
428,428,2023-03-07,153.7,3,2023,-0.7855882430626475,-0.7855882430626475
429,429,2023-03-08,152.81,3,2023,-0.828150419894411,-0.828150419894411
430,430,2023-03-09,153.56,3,2023,-0.7922581776922257,-0.7922581776922257
431,431,2023-03-10,150.21,3,2023,-0.9547115479560526,-0.9547115479560526
432,432,2023-03-11,151.885,3,2023,-0.8727937068103666,-0.8727937068103666
433,433,2023-03-12,150.21,3,2023,-0.9547115479560526,-0.9547115479560526
434,434,2023-03-13,147.8,3,2023,-1.0750803303937908,-1.0750803303937908
435,435,2023-03-14,151.28,3,2023,-0.9022204382717138,-0.9022204382717138
436,436,2023-03-15,151.19,3,2023,-0.906613488289808,-0.906613488289808
437,437,2023-03-16,152.16,3,2023,-0.8594776402767197,-0.8594776402767197
438,438,2023-03-17,156.08,3,2023,-0.6736154279197961,-0.6736154279197961
439,439,2023-03-18,154.12,3,2023,-0.7656345685228902,-0.7656345685228902
440,440,2023-03-19,156.08,3,2023,-0.6736154279197961,-0.6736154279197961
441,441,2023-03-20,155.07,3,2023,-0.7208092938346865,-0.7208092938346865
442,442,2023-03-21,157.32,3,2023,-0.6163150198406108,-0.6163150198406108
443,443,2023-03-22,159.3,3,2023,-0.5262500779503275,-0.5262500779503275
444,444,2023-03-23,158.83,3,2023,-0.5474721868876496,-0.5474721868876496
445,445,2023-03-24,158.86,3,2023,-0.5461146890835455,-0.5461146890835455
446,446,2023-03-25,158.845,3,2023,-0.546793388517641,-0.546793388517641
447,447,2023-03-26,158.86,3,2023,-0.5461146890835455,-0.5461146890835455
448,448,2023-03-27,159.94,3,2023,-0.4975068059324856,-0.4975068059324856
449,449,2023-03-28,157.97,3,2023,-0.5865561907085503,-0.5865561907085503
450,450,2023-03-29,159.37,3,2023,-0.5230976064070612,-0.5230976064070612
451,451,2023-03-30,161.53,3,2023,-0.4268600113138657,-0.4268600113138657
452,452,2023-03-31,162.44,3,2023,-0.3869080215002315,-0.3869080215002315
453,453,2023-04-01,161.985,4,2023,-0.4068407057300418,-0.4068407057300418
454,454,2023-04-02,162.44,4,2023,-0.3869080215002315,-0.3869080215002315
455,455,2023-04-03,164.27,4,2023,-0.3076016421904235,-0.3076016421904235
456,456,2023-04-04,166.6,4,2023,-0.2085790118784982,-0.2085790118784982
457,457,2023-04-05,164.74,4,2023,-0.2874531336541285,-0.2874531336541285
458,458,2023-04-06,162.43,4,2023,-0.3873451758745259,-0.3873451758745259
459,459,2023-04-07,163.585,4,2023,-0.3371269365792745,-0.3371269365792745
460,460,2023-04-08,162.43,4,2023,-0.3873451758745259,-0.3873451758745259
461,461,2023-04-09,163.0075,4,2023,-0.3621673900686185,-0.3621673900686185
462,462,2023-04-10,161.42,4,2023,-0.4317129149953049,-0.4317129149953049
463,463,2023-04-11,162.35,4,2023,-0.3908439072318951,-0.3908439072318951
464,464,2023-04-12,161.22,4,2023,-0.4405494685704195,-0.4405494685704195
465,465,2023-04-13,161.63,4,2023,-0.422452705678817,-0.422452705678817
466,466,2023-04-14,164.59,4,2023,-0.2938738569273924,-0.2938738569273924
467,467,2023-04-15,163.11,4,2023,-0.3577129915782914,-0.3577129915782914
468,468,2023-04-16,164.59,4,2023,-0.2938738569273924,-0.2938738569273924
469,469,2023-04-17,165.09,4,2023,-0.2725064869232447,-0.2725064869232447
470,470,2023-04-18,166.1,4,2023,-0.2296476588542629,-0.2296476588542629
471,471,2023-04-19,165.8,4,2023,-0.242335911314431,-0.242335911314431
472,472,2023-04-20,166.09,4,2023,-0.2300700304323751,-0.2300700304323751
473,473,2023-04-21,165.05,4,2023,-0.274212198077528,-0.274212198077528
474,474,2023-04-22,165.57000000000002,4,2023,-0.2520876020196426,-0.2520876020196426
475,475,2023-04-23,165.05,4,2023,-0.274212198077528,-0.274212198077528
476,476,2023-04-24,165.0,4,2023,-0.2763452347491344,-0.2763452347491344
477,477,2023-04-25,165.19,4,2023,-0.268244999253482,-0.268244999253482
478,478,2023-04-26,163.05,4,2023,-0.3603199197290873,-0.3603199197290873
479,479,2023-04-27,165.19,4,2023,-0.268244999253482,-0.268244999253482
480,480,2023-04-28,168.49,4,2023,-0.1298133510051679,-0.1298133510051679
481,481,2023-04-29,166.84,4,2023,-0.1985007051402751,-0.1985007051402751
482,482,2023-04-30,168.49,4,2023,-0.1298133510051679,-0.1298133510051679
483,483,2023-05-01,169.28,5,2023,-0.0972931873724607,-0.0972931873724607
484,484,2023-05-02,170.09,5,2023,-0.0641921577461789,-0.0641921577461789
485,485,2023-05-03,169.5,5,2023,-0.0882786263544387,-0.0882786263544387
486,486,2023-05-04,164.89,5,2023,-0.2810414301459296,-0.2810414301459296
487,487,2023-05-05,170.98,5,2023,-0.0281014204648398,-0.0281014204648398
488,488,2023-05-06,167.935,5,2023,-0.1528009450774856,-0.1528009450774856
489,489,2023-05-07,170.98,5,2023,-0.0281014204648398,-0.0281014204648398
490,490,2023-05-08,172.48,5,2023,0.0320737428591895,0.0320737428591895
491,491,2023-05-09,173.05,5,2023,0.0547288528453308,0.0547288528453308
492,492,2023-05-10,173.02,5,2023,0.0535393528856185,0.0535393528856185
493,493,2023-05-11,173.85,5,2023,0.0863318291223487,0.0863318291223487
494,494,2023-05-12,173.62,5,2023,0.0772690107847219,0.0772690107847219
495,495,2023-05-13,173.735,5,2023,0.0818027361409761,0.0818027361409761
496,496,2023-05-14,173.62,5,2023,0.0772690107847219,0.0772690107847219
497,497,2023-05-15,173.16,5,2023,0.0590876294672341,0.0590876294672341
498,498,2023-05-16,171.99,5,2023,0.0125056772766696,0.0125056772766696
499,499,2023-05-17,171.71,5,2023,0.0012852256691619,0.0012852256691619
500,500,2023-05-18,173.0,5,2023,0.0527461759409521,0.0527461759409521
501,501,2023-05-19,176.39,5,2023,0.1852003601323223,0.1852003601323223
502,502,2023-05-20,174.695,5,2023,0.119469485793343,0.119469485793343
503,503,2023-05-21,176.39,5,2023,0.1852003601323223,0.1852003601323223
504,504,2023-05-22,173.98,5,2023,0.091446105016122,0.091446105016122
505,505,2023-05-23,173.13,5,2023,0.0578992963780638,0.0578992963780638
506,506,2023-05-24,171.09,5,2023,-0.0236609082302887,-0.0236609082302887
507,507,2023-05-25,172.41,5,2023,0.0292835640359567,0.0292835640359567
508,508,2023-05-26,173.32,5,2023,0.0654200401893624,0.0654200401893624
509,509,2023-05-27,172.86499999999998,5,2023,0.0473885250820964,0.0473885250820964
510,510,2023-05-28,173.32,5,2023,0.0654200401893624,0.0654200401893624
511,511,2023-05-29,173.09249999999997,5,2023,0.0564134327413372,0.0564134327413372
512,512,2023-05-30,176.96,5,2023,0.207085791913474,0.207085791913474
513,513,2023-05-31,177.32,5,2023,0.220852152552555,0.220852152552555
514,514,2023-06-01,177.7,6,2023,0.2353365554995233,0.2353365554995233
515,515,2023-06-02,181.03,6,2023,0.3602506786862263,0.3602506786862263
516,516,2023-06-03,179.365,6,2023,0.2982414020605594,0.2982414020605594
517,517,2023-06-04,181.03,6,2023,0.3602506786862263,0.3602506786862263
518,518,2023-06-05,182.63,6,2023,0.4190146830717383,0.4190146830717383
519,519,2023-06-06,179.96,6,2023,0.3205026150096946,0.3205026150096946
520,520,2023-06-07,178.44,6,2023,0.2634061867287233,0.2634061867287233
521,521,2023-06-08,177.9,6,2023,0.2429407242777582,0.2429407242777582
522,522,2023-06-09,181.5,6,2023,0.3775955921957054,0.3775955921957054
523,523,2023-06-10,179.7,6,2023,0.3107890326012373,0.3107890326012373
524,524,2023-06-11,181.5,6,2023,0.3775955921957054,0.3775955921957054
525,525,2023-06-12,181.27,6,2023,0.3691163358525125,0.3691163358525125
526,526,2023-06-13,182.8,6,2023,0.4252116245173415,0.4252116245173415
527,527,2023-06-14,183.37,6,2023,0.4459248013396563,0.4459248013396563
528,528,2023-06-15,183.96,6,2023,0.4672602522857538,0.4672602522857538
529,529,2023-06-16,186.73,6,2023,0.5660326012935734,0.5660326012935734
530,530,2023-06-17,185.345,6,2023,0.5169315037821693,0.5169315037821693
531,531,2023-06-18,186.73,6,2023,0.5660326012935734,0.5660326012935734
532,532,2023-06-19,186.03749999999997,6,2023,0.5415526477635706,0.5415526477635706
533,533,2023-06-20,184.41,6,2023,0.4834621213598777,0.4834621213598777
534,534,2023-06-21,184.9,6,2023,0.5010348349577135,0.5010348349577135
535,535,2023-06-22,183.74,6,2023,0.4593170358893113,0.4593170358893113
536,536,2023-06-23,185.55,6,2023,0.5242348644057407,0.5242348644057407
537,537,2023-06-24,184.645,6,2023,0.4918988419076456,0.4918988419076456
538,538,2023-06-25,185.55,6,2023,0.5242348644057407,0.5242348644057407
539,539,2023-06-26,186.83,6,2023,0.5695560248205903,0.5695560248205903
540,540,2023-06-27,185.89,6,2023,0.5363203120470774,0.5363203120470774
541,541,2023-06-28,187.93,6,2023,0.6081223220808143,0.6081223220808143
542,542,2023-06-29,189.08,6,2023,0.6480704722485108,0.6480704722485108
543,543,2023-06-30,191.63,6,2023,0.7353265258109426,0.7353265258109426
544,544,2023-07-01,190.355,7,2023,0.6919242659175047,0.6919242659175047
545,545,2023-07-02,191.63,7,2023,0.7353265258109426,0.7353265258109426
546,546,2023-07-03,193.78,7,2023,0.8075130163555166,0.8075130163555166
547,547,2023-07-04,193.78,7,2023,0.8075130163555166,0.8075130163555166
548,548,2023-07-05,191.57,7,2023,0.7332940793804319,0.7332940793804319
549,549,2023-07-06,189.84,7,2023,0.6742655642454243,0.6742655642454243
550,550,2023-07-07,191.41,7,2023,0.727869410056349,0.727869410056349
551,551,2023-07-08,190.625,7,2023,0.7011527591819916,0.7011527591819916
552,552,2023-07-09,191.41,7,2023,0.727869410056349,0.727869410056349
553,553,2023-07-10,189.26,7,2023,0.6542892593395776,0.6542892593395776
554,554,2023-07-11,189.16,7,2023,0.6508355064381391,0.6508355064381391
555,555,2023-07-12,189.68,7,2023,0.6687642874087719,0.6687642874087719
556,556,2023-07-13,190.5,7,2023,0.6968828210738526,0.6968828210738526
557,557,2023-07-14,190.23,7,2023,0.6876449627740683,0.6876449627740683
558,558,2023-07-15,190.365,7,2023,0.6922664225912659,0.6922664225912659
559,559,2023-07-16,190.23,7,2023,0.6876449627740683,0.6876449627740683
560,560,2023-07-17,191.9,7,2023,0.7444603802670183,0.7444603802670183
561,561,2023-07-18,193.35,7,2023,0.7931749997602137,0.7931749997602137
562,562,2023-07-19,193.1,7,2023,0.784816270457795,0.784816270457795
563,563,2023-07-20,195.09,7,2023,0.8508925721142906,0.8508925721142906
564,564,2023-07-21,194.1,7,2023,0.8181512987888477,0.8181512987888477
565,565,2023-07-22,194.595,7,2023,0.8345541117259394,0.8345541117259394
566,566,2023-07-23,194.1,7,2023,0.8181512987888477,0.8181512987888477
567,567,2023-07-24,193.41,7,2023,0.7951786100660508,0.7951786100660508
568,568,2023-07-25,193.33,7,2023,0.7925069161336675,0.7925069161336675
569,569,2023-07-26,193.67,7,2023,0.8038498346182494,0.8038498346182494
570,570,2023-07-27,196.02,7,2023,0.8814164884195866,0.8814164884195866
571,571,2023-07-28,194.67,7,2023,0.8370337622985509,0.8370337622985509
572,572,2023-07-29,195.34500000000003,7,2023,0.8592843757016093,0.8592843757016093
573,573,2023-07-30,194.67,7,2023,0.8370337622985509,0.8370337622985509
574,574,2023-07-31,196.06,7,2023,0.8827243241634215,0.8827243241634215
575,575,2023-08-01,196.24,8,2023,0.8886044860523473,0.8886044860523473
576,576,2023-08-02,195.04,8,2023,0.8492451324861159,0.8492451324861159
577,577,2023-08-03,191.57,8,2023,0.7332940793804319,0.7332940793804319
578,578,2023-08-04,185.52,8,2023,0.5231668587681503,0.5231668587681503
579,579,2023-08-05,188.545,8,2023,0.6295327310314671,0.6295327310314671
580,580,2023-08-06,185.52,8,2023,0.5231668587681503,0.5231668587681503
581,581,2023-08-07,182.13,8,2023,0.400736620458396,0.400736620458396
582,582,2023-08-08,179.69,8,2023,0.3104149997588208,0.3104149997588208
583,583,2023-08-09,180.87,8,2023,0.3543301470803853,0.3543301470803853
584,584,2023-08-10,179.48,8,2023,0.3025528752890789,0.3025528752890789
585,585,2023-08-11,177.32,8,2023,0.220852152552555,0.220852152552555
586,586,2023-08-12,178.39999999999998,8,2023,0.2618935085644704,0.2618935085644704
587,587,2023-08-13,177.32,8,2023,0.220852152552555,0.220852152552555
588,588,2023-08-14,177.97,8,2023,0.245599064552115,0.245599064552115
589,589,2023-08-15,178.88,8,2023,0.2800111492005271,0.2800111492005271
590,590,2023-08-16,177.13,8,2023,0.2135919585157648,0.2135919585157648
591,591,2023-08-17,177.14,8,2023,0.2139743738367369,0.2139743738367369
592,592,2023-08-18,172.3,8,2023,0.0248954608516252,0.0248954608516252
593,593,2023-08-19,174.71999999999997,8,2023,0.1204461185404347,0.1204461185404347
594,594,2023-08-20,172.3,8,2023,0.0248954608516252,0.0248954608516252
595,595,2023-08-21,175.07,8,2023,0.1340963534411269,0.1340963534411269
596,596,2023-08-22,177.06,8,2023,0.2109141172575735,0.2109141172575735
597,597,2023-08-23,178.52,8,2023,0.266429972320401,0.266429972320401
598,598,2023-08-24,180.67,8,2023,0.3469180954803902,0.3469180954803902
599,599,2023-08-25,177.38,8,2023,0.2231423495566652,0.2231423495566652
600,600,2023-08-26,179.02499999999998,8,2023,0.285469424770594,0.285469424770594
601,601,2023-08-27,177.38,8,2023,0.2231423495566652,0.2231423495566652
602,602,2023-08-28,180.09,8,2023,0.3253512809972701,0.3253512809972701
603,603,2023-08-29,179.7,8,2023,0.3107890326012373,0.3107890326012373
604,604,2023-08-30,184.94,8,2023,0.5024661658464599,0.5024661658464599
605,605,2023-08-31,187.84,8,2023,0.6049800096589942,0.6049800096589942
606,606,2023-09-01,189.49,9,2023,0.6622222009951836,0.6622222009951836
607,607,2023-09-02,188.665,9,2023,0.6336977941474958,0.6336977941474958
608,608,2023-09-03,189.49,9,2023,0.6622222009951836,0.6622222009951836
609,609,2023-09-04,189.0775,9,2023,0.6479840358040103,0.6479840358040103
610,610,2023-09-05,188.28,9,2023,0.6203203570603195,0.6203203570603195
611,611,2023-09-06,188.4,9,2023,0.6244944784550703,0.6244944784550703
612,612,2023-09-07,175.18,9,2023,0.1383777257862776,0.1383777257862776
613,613,2023-09-08,178.35,9,2023,0.2600019239822909,0.2600019239822909
614,614,2023-09-09,176.765,9,2023,0.1996109379904332,0.1996109379904332
615,615,2023-09-10,178.35,9,2023,0.2600019239822909,0.2600019239822909
616,616,2023-09-11,180.07,9,2023,0.3246056843440541,0.3246056843440541
617,617,2023-09-12,179.49,9,2023,0.3029275843391906,0.3029275843391906
618,618,2023-09-13,176.51,9,2023,0.1898168895882721,0.1898168895882721
619,619,2023-09-14,174.0,9,2023,0.0922323928771129,0.0922323928771129
620,620,2023-09-15,176.48,9,2023,0.1886632117747472,0.1886632117747472
621,621,2023-09-16,175.24,9,2023,0.1407112701447645,0.1407112701447645
622,622,2023-09-17,176.48,9,2023,0.1886632117747472,0.1886632117747472
623,623,2023-09-18,176.48,9,2023,0.1886632117747472,0.1886632117747472
624,624,2023-09-19,177.52,9,2023,0.228481492310679,0.228481492310679
625,625,2023-09-20,179.26,9,2023,0.2943011087244109,0.2943011087244109
626,626,2023-09-21,174.55,9,2023,0.1138007562307453,0.1138007562307453
627,627,2023-09-22,174.67,9,2023,0.1184926371662868,0.1184926371662868
628,628,2023-09-23,174.61,9,2023,0.1161473192015661,0.1161473192015661
629,629,2023-09-24,174.67,9,2023,0.1184926371662868,0.1184926371662868
630,630,2023-09-25,174.2,9,2023,0.1000876019322487,0.1000876019322487
631,631,2023-09-26,174.82,9,2023,0.124350492296631,0.124350492296631
632,632,2023-09-27,172.62,9,2023,0.0376488576337344,0.0376488576337344
633,633,2023-09-28,169.34,9,2023,-0.0948328773194526,-0.0948328773194526
634,634,2023-09-29,172.02,9,2023,0.0137061954083885,0.0137061954083885
635,635,2023-09-30,170.68,9,2023,-0.0402343634583221,-0.0402343634583221
636,636,2023-10-01,172.02,10,2023,0.0137061954083885,0.0137061954083885
637,637,2023-10-02,171.22,10,2023,-0.0184187108546094,-0.0184187108546094
638,638,2023-10-03,172.26,10,2023,0.0232987141532213,0.0232987141532213
639,639,2023-10-04,171.09,10,2023,-0.0236609082302887,-0.0236609082302887
640,640,2023-10-05,173.79,10,2023,0.0839694015623994,0.0839694015623994
641,641,2023-10-06,173.8,10,2023,0.0843632269574042,0.0843632269574042
642,642,2023-10-07,173.795,10,2023,0.0841663186345089,0.0841663186345089
643,643,2023-10-08,173.8,10,2023,0.0843632269574042,0.0843632269574042
644,644,2023-10-09,176.81,10,2023,0.2013370343861249,0.2013370343861249
645,645,2023-10-10,178.1,10,2023,0.2505316999511542,0.2505316999511542
646,646,2023-10-11,178.2,10,2023,0.2543222521244472,0.2543222521244472
647,647,2023-10-12,180.07,10,2023,0.3246056843440541,0.3246056843440541
648,648,2023-10-13,181.42,10,2023,0.374648169176231,0.374648169176231
649,649,2023-10-14,180.745,10,2023,0.3496990995034393,0.3496990995034393
650,650,2023-10-15,181.42,10,2023,0.374648169176231,0.374648169176231
651,651,2023-10-16,176.75,10,2023,0.1990354216929471,0.1990354216929471
652,652,2023-10-17,176.65,10,2023,0.1951967175979067,0.1951967175979067
653,653,2023-10-18,175.58,10,2023,0.153911416896404,0.153911416896404
654,654,2023-10-19,176.04,10,2023,0.1717077300800171,0.1717077300800171
655,655,2023-10-20,175.31,10,2023,0.1434321794110865,0.1434321794110865
656,656,2023-10-21,175.675,10,2023,0.1575926388421909,0.1575926388421909
657,657,2023-10-22,175.31,10,2023,0.1434321794110865,0.1434321794110865
658,658,2023-10-23,170.91,10,2023,-0.0309294986350587,-0.0309294986350587
659,659,2023-10-24,173.05,10,2023,0.0547288528453308,0.0547288528453308
660,660,2023-10-25,171.88,10,2023,0.0081010092496184,0.0081010092496184
661,661,2023-10-26,170.37,10,2023,-0.0528063836923876,-0.0528063836923876
662,662,2023-10-27,166.91,10,2023,-0.1955654145675069,-0.1955654145675069
663,663,2023-10-28,168.64,10,2023,-0.1236205480835886,-0.1236205480835886
664,664,2023-10-29,166.91,10,2023,-0.1955654145675069,-0.1955654145675069
665,665,2023-10-30,169.02,10,2023,-0.1079701111749072,-0.1079701111749072
666,666,2023-10-31,169.35,10,2023,-0.0944229565115716,-0.0944229565115716
667,667,2023-11-01,171.0,11,2023,-0.0272937265134349,-0.0272937265134349
668,668,2023-11-02,175.52,11,2023,0.1515848492087297,0.1515848492087297
669,669,2023-11-03,174.24,11,2023,0.1016569724991261,0.1016569724991261
670,670,2023-11-04,174.88,11,2023,0.1266914612794241,0.1266914612794241
671,671,2023-11-05,174.24,11,2023,0.1016569724991261,0.1016569724991261
672,672,2023-11-06,176.38,11,2023,0.184815430381675,0.184815430381675
673,673,2023-11-07,179.18,11,2023,0.2912965867705248,0.2912965867705248
674,674,2023-11-08,182.35,11,2023,0.408788506329021,0.408788506329021
675,675,2023-11-09,182.96,11,2023,0.4310359126704645,0.4310359126704645
676,676,2023-11-10,183.97,11,2023,0.4676209588662636,0.4676209588662636
677,677,2023-11-11,183.465,11,2023,0.4493673289790241,0.4493673289790241
678,678,2023-11-12,183.97,11,2023,0.4676209588662636,0.4676209588662636
679,679,2023-11-13,185.82,11,2023,0.5338349247046948,0.5338349247046948
680,680,2023-11-14,187.7,11,2023,0.6000873416421894,0.6000873416421894
681,681,2023-11-15,187.85,11,2023,0.6053292703493269,0.6053292703493269
682,682,2023-11-16,189.57,11,2023,0.6649779985285843,0.6649779985285843
683,683,2023-11-17,190.25,11,2023,0.6883299432139214,0.6883299432139214
684,684,2023-11-18,189.91,11,2023,0.6766701206248409,0.6766701206248409
685,685,2023-11-19,190.25,11,2023,0.6883299432139214,0.6883299432139214
686,686,2023-11-20,189.89,11,2023,0.6759832442759439,0.6759832442759439
687,687,2023-11-21,191.41,11,2023,0.727869410056349,0.727869410056349
688,688,2023-11-22,191.49,11,2023,0.7305826202010852,0.7305826202010852
689,689,2023-11-23,191.45,11,2023,0.7292262341155458,0.7292262341155458
690,690,2023-11-24,190.87,11,2023,0.7095093007342614,0.7095093007342614
691,691,2023-11-25,190.87,11,2023,0.7095093007342614,0.7095093007342614
692,692,2023-11-26,190.87,11,2023,0.7095093007342614,0.7095093007342614
693,693,2023-11-27,189.92,11,2023,0.6770135168863933,0.6770135168863933
694,694,2023-11-28,189.78,11,2023,0.6722034252613014,0.6722034252613014
695,695,2023-11-29,190.9,11,2023,0.7105314117474268,0.7105314117474268
696,696,2023-11-30,189.84,11,2023,0.6742655642454243,0.6742655642454243
697,697,2023-12-01,190.33,12,2023,0.6910687527090557,0.6910687527090557
698,698,2023-12-02,190.08500000000004,12,2023,0.6826755245903453,0.6826755245903453
699,699,2023-12-03,190.33,12,2023,0.6910687527090557,0.6910687527090557
700,700,2023-12-04,189.98,12,2023,0.6790733079106323,0.6790733079106323
701,701,2023-12-05,190.21,12,2023,0.6869598710483864,0.6869598710483864
702,702,2023-12-06,194.45,12,2023,0.8297559303071878,0.8297559303071878
703,703,2023-12-07,193.63,12,2023,0.802516971275255,0.802516971275255
704,704,2023-12-08,194.2,12,2023,0.8214702055702143,0.8214702055702143
705,705,2023-12-09,193.915,12,2023,0.8120043499892486,0.8120043499892486
706,706,2023-12-10,194.2,12,2023,0.8214702055702143,0.8214702055702143
707,707,2023-12-11,193.11,12,2023,0.7851509406614775,0.7851509406614775
708,708,2023-12-12,193.08,12,2023,0.7841468496974795,0.7841468496974795
709,709,2023-12-13,195.09,12,2023,0.8508925721142906,0.8508925721142906
710,710,2023-12-14,198.02,12,2023,0.9463073765239,0.9463073765239
711,711,2023-12-15,197.53,12,2023,0.930503057552432,0.930503057552432
712,712,2023-12-16,197.775,12,2023,0.9384127814061642,0.9384127814061642
713,713,2023-12-17,197.53,12,2023,0.930503057552432,0.930503057552432
714,714,2023-12-18,196.09,12,2023,0.8837049303968575,0.8837049303968575
715,715,2023-12-19,196.16,12,2023,0.8859921102384383,0.8859921102384383
716,716,2023-12-20,196.9,12,2023,0.9100939645112962,0.9100939645112962
717,717,2023-12-21,196.1,12,2023,0.8840317476211583,0.8840317476211583
718,718,2023-12-22,195.18,12,2023,0.8538563197709552,0.8538563197709552
719,719,2023-12-23,195.64000000000004,12,2023,0.8689714451520988,0.8689714451520988
720,720,2023-12-24,195.18,12,2023,0.8538563197709552,0.8538563197709552
721,721,2023-12-25,195.41000000000005,12,2023,0.8614207558126125,0.8614207558126125
722,722,2023-12-26,193.61,12,2023,0.8018503800339077,0.8018503800339077
723,723,2023-12-27,192.49,12,2023,0.7643506075106412,0.7643506075106412
724,724,2023-12-28,194.14,12,2023,0.8194791785159207,0.8194791785159207
725,725,2023-12-29,193.9,12,2023,0.8115055515582066,0.8115055515582066
726,726,2023-12-30,194.02,12,2023,0.8154942702806302,0.8154942702806302
727,727,2023-12-31,193.9,12,2023,0.8115055515582066,0.8115055515582066
728,728,2024-01-01,193.96,1,2024,0.8135003876045632,0.8135003876045632
729,729,2024-01-02,187.15,1,2024,0.5808114272774545,0.5808114272774545
730,730,2024-01-03,184.22,1,2024,0.476628790264766,0.476628790264766
731,731,2024-01-04,182.15,1,2024,0.4014692308358218,0.4014692308358218
732,732,2024-01-05,181.99,1,2024,0.3956048657807265,0.3956048657807265
733,733,2024-01-06,182.07,1,2024,0.3985380434531024,0.3985380434531024
734,734,2024-01-07,181.99,1,2024,0.3956048657807265,0.3956048657807265
735,735,2024-01-08,182.09,1,2024,0.3992710268016955,0.3992710268016955
736,736,2024-01-09,183.92,1,2024,0.4658171229886277,0.4658171229886277
737,737,2024-01-10,184.35,1,2024,0.4813054028107333,0.4813054028107333
738,738,2024-01-11,186.54,1,2024,0.5593300583279277,0.5593300583279277
739,739,2024-01-12,186.06,1,2024,0.5423502372785581,0.5423502372785581
740,740,2024-01-13,186.3,1,2024,0.5508485966827787,0.5508485966827787
741,741,2024-01-14,186.06,1,2024,0.5423502372785581,0.5423502372785581
742,742,2024-01-15,186.18,1,2024,0.5466015326577908,0.5466015326577908
743,743,2024-01-16,182.16,1,2024,0.4018354894269612,0.4018354894269612
744,744,2024-01-17,181.27,1,2024,0.3691163358525125,0.3691163358525125
745,745,2024-01-18,186.09,1,2024,0.5434134581917666,0.5434134581917666
746,746,2024-01-19,189.33,1,2024,0.6567052091344033,0.6567052091344033
747,747,2024-01-20,187.71,1,2024,0.6004370048974573,0.6004370048974573
748,748,2024-01-21,189.33,1,2024,0.6567052091344033,0.6567052091344033
749,749,2024-01-22,192.3,1,2024,0.7579555751126801,0.7579555751126801
750,750,2024-01-23,195.02,1,2024,0.8485859738775259,0.8485859738775259
751,751,2024-01-24,195.42,1,2024,0.86174933220442,0.86174933220442
752,752,2024-01-25,195.22,1,2024,0.8551728631396168,0.8551728631396168
753,753,2024-01-26,194.27,1,2024,0.8237918693441756,0.8237918693441756
754,754,2024-01-27,194.74500000000003,1,2024,0.8395119369922727,0.8395119369922727
755,755,2024-01-28,194.27,1,2024,0.8237918693441756,0.8237918693441756
756,756,2024-01-29,192.01,1,2024,0.7481758891936584,0.7481758891936584
757,757,2024-01-30,190.94,1,2024,0.7118938404111799,0.7118938404111799
758,758,2024-01-31,187.04,1,2024,0.5769457386097806,0.5769457386097806
759,759,2024-02-01,183.99,2,2024,0.4683422811640305,0.4683422811640305
760,760,2024-02-02,179.86,2,2024,0.3167691887218316,0.3167691887218316
761,761,2024-02-03,181.925,2,2024,0.393220191881631,0.393220191881631
762,762,2024-02-04,179.86,2,2024,0.3167691887218316,0.3167691887218316
763,763,2024-02-05,188.15,2,2024,0.6157937511431832,0.6157937511431832
764,764,2024-02-06,186.86,2,2024,0.5706124837520569,0.5706124837520569
765,765,2024-02-07,190.64,2,2024,0.7016648610226257,0.7016648610226257
766,766,2024-02-08,189.38,2,2024,0.6584300427257279,0.6584300427257279
767,767,2024-02-09,188.65,2,2024,0.6331773851331163,0.6331773851331163
768,768,2024-02-10,189.01500000000004,2,2024,0.6458225506240661,0.6458225506240661
769,769,2024-02-11,188.65,2,2024,0.6331773851331163,0.6331773851331163
770,770,2024-02-12,188.41,2,2024,0.6248421364786283,0.6248421364786283
771,771,2024-02-13,185.77,2,2024,0.5320587622365729,0.5320587622365729
772,772,2024-02-14,185.32,2,2024,0.5160399962488809,0.5160399962488809
773,773,2024-02-15,183.55,2,2024,0.452445151829168,0.452445151829168
774,774,2024-02-16,183.42,2,2024,0.4477370013535174,0.4477370013535174
775,775,2024-02-17,183.485,2,2024,0.4500917207533654,0.4500917207533654
776,776,2024-02-18,183.42,2,2024,0.4477370013535174,0.4477370013535174
777,777,2024-02-19,183.4525,2,2024,0.4489145221663922,0.4489145221663922
778,778,2024-02-20,181.79,2,2024,0.388263199489477,0.388263199489477
779,779,2024-02-21,181.94,2,2024,0.3937706180541721,0.3937706180541721
780,780,2024-02-22,183.48,2,2024,0.4499106342459294,0.4499106342459294
781,781,2024-02-23,185.01,2,2024,0.5049698443974658,0.5049698443974658
782,782,2024-02-24,184.245,2,2024,0.4775285347257208,0.4775285347257208
783,783,2024-02-25,185.01,2,2024,0.5049698443974658,0.5049698443974658
784,784,2024-02-26,182.24,2,2024,0.40476444038605,0.40476444038605
785,785,2024-02-27,181.1,2,2024,0.3628383701014465,0.3628383701014465
786,786,2024-02-28,182.51,2,2024,0.4146350036393724,0.4146350036393724
787,787,2024-02-29,181.27,2,2024,0.3691163358525125,0.3691163358525125
788,788,2024-03-01,179.55,3,2024,0.3051751616351761,0.3051751616351761
789,789,2024-03-02,180.41,3,2024,0.3372634581692402,0.3372634581692402
790,790,2024-03-03,179.55,3,2024,0.3051751616351761,0.3051751616351761
791,791,2024-03-04,176.15,3,2024,0.1759527325483855,0.1759527325483855
792,792,2024-03-05,170.76,3,2024,-0.0369956936551255,-0.0369956936551255
793,793,2024-03-06,171.06,3,2024,-0.0248715196972526,-0.0248715196972526
794,794,2024-03-07,169.15,3,2024,-0.1026284815299134,-0.1026284815299134
795,795,2024-03-08,169.0,3,2024,-0.1087924634606228,-0.1087924634606228
796,796,2024-03-09,169.075,3,2024,-0.1057094169554455,-0.1057094169554455
797,797,2024-03-10,169.0,3,2024,-0.1087924634606228,-0.1087924634606228
798,798,2024-03-11,172.94,3,2024,0.0503657951864722,0.0503657951864722
799,799,2024-03-12,173.15,3,2024,0.0586915537678493,0.0586915537678493
800,800,2024-03-13,172.77,3,2024,0.0436144512617998,0.0436144512617998
801,801,2024-03-14,172.91,3,2024,0.0491751264716072,0.0491751264716072
802,802,2024-03-15,171.17,3,2024,-0.020434213001173,-0.020434213001173
803,803,2024-03-16,172.04,3,2024,0.0145063612170516,0.0145063612170516
804,804,2024-03-17,171.17,3,2024,-0.020434213001173,-0.020434213001173
805,805,2024-03-18,175.57,3,2024,0.1535237408951591,0.1535237408951591
806,806,2024-03-19,174.34,3,2024,0.105577965708005,0.105577965708005
807,807,2024-03-20,175.72,3,2024,0.1593353026031291,0.1593353026031291
808,808,2024-03-21,177.05,3,2024,0.2105314350187967,0.2105314350187967
809,809,2024-03-22,171.76,3,2024,0.0032909492935641,0.0032909492935641
810,810,2024-03-23,174.405,3,2024,0.1081247491367672,0.1081247491367672
811,811,2024-03-24,171.76,3,2024,0.0032909492935641,0.0032909492935641
812,812,2024-03-25,170.57,3,2024,-0.0446913639862169,-0.0446913639862169
813,813,2024-03-26,170.0,3,2024,-0.0678580196042837,-0.0678580196042837
814,814,2024-03-27,170.41,3,2024,-0.0511822032204703,-0.0511822032204703
815,815,2024-03-28,171.75,3,2024,0.0028898767078568,0.0028898767078568
816,816,2024-03-29,171.07999999999998,3,2024,-0.0240644089602843,-0.0240644089602843
817,817,2024-03-30,171.75,3,2024,0.0028898767078568,0.0028898767078568
818,818,2024-03-31,171.41499999999996,3,2024,-0.0105669289702245,-0.0105669289702245
819,819,2024-04-01,171.19,4,2024,-0.0196279030544999,-0.0196279030544999
820,820,2024-04-02,169.08,4,2024,-0.1055039556086769,-0.1055039556086769
821,821,2024-04-03,168.79,4,2024,-0.1174362448819275,-0.1174362448819275
822,822,2024-04-04,170.29,4,2024,-0.0560565118872195,-0.0560565118872195
823,823,2024-04-05,169.59,4,2024,-0.0845960569934243,-0.0845960569934243
824,824,2024-04-06,169.94,4,2024,-0.070303592896658,-0.070303592896658
825,825,2024-04-07,169.59,4,2024,-0.0845960569934243,-0.0845960569934243
826,826,2024-04-08,169.03,4,2024,-0.1075589913768366,-0.1075589913768366
827,827,2024-04-09,168.7,4,2024,-0.1211458079108228,-0.1211458079108228
828,828,2024-04-10,168.8,4,2024,-0.1170242597444223,-0.1170242597444223
829,829,2024-04-11,168.34,4,2024,-0.1360146728665327,-0.1360146728665327
830,830,2024-04-12,174.26,4,2024,0.1024414491408048,0.1024414491408048
831,831,2024-04-13,171.3,4,2024,-0.015195797252171,-0.015195797252171
832,832,2024-04-14,174.26,4,2024,0.1024414491408048,0.1024414491408048
833,833,2024-04-15,175.36,4,2024,0.1453746589107567,0.1453746589107567
834,834,2024-04-16,171.75,4,2024,0.0028898767078568,0.0028898767078568
835,835,2024-04-17,169.61,4,2024,-0.0837781180482233,-0.0837781180482233
836,836,2024-04-18,168.03,4,2024,-0.1488578165109266,-0.1488578165109266
837,837,2024-04-19,166.21,4,2024,-0.2250041613375236,-0.2250041613375236
838,838,2024-04-20,167.12,4,2024,-0.186770935578026,-0.186770935578026
839,839,2024-04-21,166.21,4,2024,-0.2250041613375236,-0.2250041613375236
840,840,2024-04-22,165.51,4,2024,-0.2546349617864764,-0.2546349617864764
841,841,2024-04-23,165.35,4,2024,-0.2614348971816926,-0.2614348971816926
842,842,2024-04-24,166.54,4,2024,-0.2111020919117017,-0.2111020919117017
843,843,2024-04-25,169.52,4,2024,-0.0874600167075306,-0.0874600167075306
844,844,2024-04-26,169.88,4,2024,-0.072750499891977,-0.072750499891977
845,845,2024-04-27,169.7,4,2024,-0.0800992350632939,-0.0800992350632939
846,846,2024-04-28,169.88,4,2024,-0.072750499891977,-0.072750499891977
847,847,2024-04-29,173.37,4,2024,0.0673970674082888,0.0673970674082888
848,848,2024-04-30,173.33,4,2024,0.0658155160939198,0.0658155160939198
849,849,2024-05-01,169.58,5,2024,-0.0850050823257956,-0.0850050823257956
850,850,2024-05-02,172.51,5,2024,0.03326899850785,0.03326899850785
851,851,2024-05-03,186.65,5,2024,0.5632117627758273,0.5632117627758273
852,852,2024-05-04,179.58,5,2024,0.3062985152709265,0.3062985152709265
853,853,2024-05-05,186.65,5,2024,0.5632117627758273,0.5632117627758273
854,854,2024-05-06,182.35,5,2024,0.408788506329021,0.408788506329021
855,855,2024-05-07,183.45,5,2024,0.4488239550841534,0.4488239550841534
856,856,2024-05-08,182.85,5,2024,0.4270325602993252,0.4270325602993252
857,857,2024-05-09,182.56,5,2024,0.4164604105375717,0.4164604105375717
858,858,2024-05-10,184.9,5,2024,0.5010348349577135,0.5010348349577135
859,859,2024-05-11,183.73,5,2024,0.4589556315027773,0.4589556315027773
860,860,2024-05-12,184.9,5,2024,0.5010348349577135,0.5010348349577135
861,861,2024-05-13,185.43,5,2024,0.5199612402838621,0.5199612402838621
862,862,2024-05-14,187.51,5,2024,0.5934382664224784,0.5934382664224784
863,863,2024-05-15,187.91,5,2024,0.6074242313921477,0.6074242313921477
864,864,2024-05-16,190.47,5,2024,0.6958573916770275,0.6958573916770275
865,865,2024-05-17,189.51,5,2024,0.6629113188927273,0.6629113188927273
866,866,2024-05-18,189.99,5,2024,0.6794165086920182,0.6794165086920182
867,867,2024-05-19,189.51,5,2024,0.6629113188927273,0.6629113188927273
868,868,2024-05-20,189.32,5,2024,0.6563601579554422,0.6563601579554422
869,869,2024-05-21,191.09,5,2024,0.7169990225934536,0.7169990225934536
870,870,2024-05-22,192.26,5,2024,0.7566080082392317,0.7566080082392317
871,871,2024-05-23,190.98,5,2024,0.7132558281238013,0.7132558281238013
872,872,2024-05-24,188.82,5,2024,0.6390716131146834,0.6390716131146834
873,873,2024-05-25,189.9,5,2024,0.6763266964225996,0.6763266964225996
874,874,2024-05-26,188.82,5,2024,0.6390716131146834,0.6390716131146834
875,875,2024-05-27,189.36,5,2024,0.6577401937347692,0.6577401937347692
876,876,2024-05-28,191.51,5,2024,0.7312606490763681,0.7312606490763681
877,877,2024-05-29,189.61,5,2024,0.6663552235395205,0.6663552235395205
878,878,2024-05-30,190.76,5,2024,0.7057594355438829,0.7057594355438829
879,879,2024-05-31,191.44,5,2024,0.7288870691698667,0.7288870691698667
880,880,2024-06-01,191.1,6,2024,0.7173391478994642,0.7173391478994642
881,881,2024-06-02,191.44,6,2024,0.7288870691698667,0.7288870691698667
882,882,2024-06-03,192.9,6,2024,0.7781172372362767,0.7781172372362767
883,883,2024-06-04,194.63,6,2024,0.8357114657499768,0.8357114657499768
884,884,2024-06-05,195.4,6,2024,0.8610921534346039,0.8610921534346039
885,885,2024-06-06,195.68,6,2024,0.8702832082970756,0.8702832082970756
886,886,2024-06-07,194.65,6,2024,0.8363726665136538,0.8363726665136538
887,887,2024-06-08,195.165,6,2024,0.8533625085052062,0.8533625085052062
888,888,2024-06-09,194.65,6,2024,0.8363726665136538,0.8363726665136538
889,889,2024-06-10,196.9,6,2024,0.9100939645112962,0.9100939645112962
890,890,2024-06-11,193.65,6,2024,0.8031834561274243,0.8031834561274243
891,891,2024-06-12,207.37,6,2024,1.2367419804818185,1.2367419804818185
892,892,2024-06-13,214.74,6,2024,1.451775712182902,1.451775712182902
893,893,2024-06-14,213.85,6,2024,1.4264177377478244,1.4264177377478244
894,894,2024-06-15,214.295,6,2024,1.439117078192525,1.439117078192525
895,895,2024-06-16,213.85,6,2024,1.4264177377478244,1.4264177377478244
896,896,2024-06-17,213.37,6,2024,1.4126736898680423,1.4126736898680423
897,897,2024-06-18,217.59,6,2024,1.5318967497109672,1.5318967497109672
898,898,2024-06-19,215.48,6,2024,1.4727364740737383,1.4727364740737383
899,899,2024-06-20,213.93,6,2024,1.4287037760761423,1.4287037760761423
900,900,2024-06-21,210.39,6,2024,1.326263820491739,1.326263820491739
901,901,2024-06-22,212.16,6,2024,1.3778141162983393,1.3778141162983393
902,902,2024-06-23,210.39,6,2024,1.326263820491739,1.326263820491739
903,903,2024-06-24,207.72,6,2024,1.2472200200673351,1.2472200200673351
904,904,2024-06-25,209.15,6,2024,1.2897483564620862,1.2897483564620862
905,905,2024-06-26,211.5,6,2024,1.3586699654461896,1.3586699654461896
906,906,2024-06-27,214.69,6,2024,1.4503554169539996,1.4503554169539996
907,907,2024-06-28,215.77,6,2024,1.4809204995949985,1.4809204995949985
908,908,2024-06-29,215.23,6,2024,1.4656675994975767,1.4656675994975767
909,909,2024-06-30,215.77,6,2024,1.4809204995949985,1.4809204995949985
910,910,2024-07-01,212.09,7,2024,1.375788043030952,1.375788043030952
911,911,2024-07-02,216.15,7,2024,1.491618688396182,1.491618688396182
912,912,2024-07-03,220.0,7,2024,1.598392586074486,1.598392586074486
913,913,2024-07-04,218.075,7,2024,1.5453699703729429,1.5453699703729429
914,914,2024-07-05,221.65,7,2024,1.643272798687035,1.643272798687035
915,915,2024-07-06,221.65,7,2024,1.643272798687035,1.643272798687035
916,916,2024-07-07,221.65,7,2024,1.643272798687035,1.643272798687035
917,917,2024-07-08,227.09,7,2024,1.7876545661500562,1.7876545661500562
918,918,2024-07-09,227.93,7,2024,1.8094727205253076,1.8094727205253076
919,919,2024-07-10,229.3,7,2024,1.844791579449464,1.844791579449464
920,920,2024-07-11,231.39,7,2024,1.898048024766627,1.898048024766627
921,921,2024-07-12,228.92,7,2024,1.835027874639649,1.835027874639649
922,922,2024-07-13,230.155,7,2024,1.8666686982148808,1.8666686982148808
923,923,2024-07-14,228.92,7,2024,1.835027874639649,1.835027874639649
924,924,2024-07-15,236.48,7,2024,2.024691761676084,2.024691761676084
925,925,2024-07-16,235.0,7,2024,1.988305808832532,1.988305808832532
926,926,2024-07-17,229.45,7,2024,1.848638787891064,1.848638787891064
927,927,2024-07-18,230.28,7,2024,1.8698565780977805,1.8698565780977805
928,928,2024-07-19,224.82,7,2024,1.7280640698474123,1.7280640698474123
929,929,2024-07-20,227.55,7,2024,1.799618031894994,1.799618031894994
930,930,2024-07-21,224.82,7,2024,1.7280640698474123,1.7280640698474123
931,931,2024-07-22,227.01,7,2024,1.7855701372471346,1.7855701372471346
932,932,2024-07-23,224.37,7,2024,1.7161403628898086,1.7161403628898086
933,933,2024-07-24,224.0,7,2024,1.706308687526136,1.706308687526136
934,934,2024-07-25,218.93,7,2024,1.5690092540030356,1.5690092540030356
935,935,2024-07-26,218.7,7,2024,1.5626642000972064,1.5626642000972064
936,936,2024-07-27,218.815,7,2024,1.565838016095837,1.565838016095837
937,937,2024-07-28,218.7,7,2024,1.5626642000972064,1.5626642000972064
938,938,2024-07-29,216.96,7,2024,1.5143259611776272,1.5143259611776272
939,939,2024-07-30,219.19,7,2024,1.5761695239125662,1.5761695239125662
940,940,2024-07-31,221.44,7,2024,1.6375895020383162,1.6375895020383162
941,941,2024-08-01,224.37,8,2024,1.7161403628898086,1.7161403628898086
942,942,2024-08-02,219.15,8,2024,1.5750687989320562,1.5750687989320562
943,943,2024-08-03,221.76,8,2024,1.6462464418141969,1.6462464418141969
944,944,2024-08-04,219.15,8,2024,1.5750687989320562,1.5750687989320562
945,945,2024-08-05,199.09,8,2024,0.9806096729566334,0.9806096729566334
946,946,2024-08-06,205.3,8,2024,1.1742081977688317,1.1742081977688317
947,947,2024-08-07,206.9,8,2024,1.2226283886370084,1.2226283886370084
948,948,2024-08-08,213.11,8,2024,1.4052090210540855,1.4052090210540855
949,949,2024-08-09,212.1,8,2024,1.376077545359845,1.376077545359845
950,950,2024-08-10,212.605,8,2024,1.3906700277484163,1.3906700277484163
951,951,2024-08-11,212.1,8,2024,1.376077545359845,1.376077545359845
952,952,2024-08-12,216.07,8,2024,1.4893688557719709,1.4893688557719709
953,953,2024-08-13,219.01,8,2024,1.571213813832937,1.571213813832937
954,954,2024-08-14,220.57,8,2024,1.613955341840149,1.613955341840149
955,955,2024-08-15,224.6,8,2024,1.7222393176650592,1.7222393176650592
956,956,2024-08-16,223.92,8,2024,1.7041796173514974,1.7041796173514974
957,957,2024-08-17,224.26,8,2024,1.7132200526809525,1.7132200526809525
958,958,2024-08-18,223.92,8,2024,1.7041796173514974,1.7041796173514974
959,959,2024-08-19,225.72,8,2024,1.7518011193430358,1.7518011193430358
960,960,2024-08-20,225.77,8,2024,1.7531155523364397,1.7531155523364397
961,961,2024-08-21,226.52,8,2024,1.7727781777198903,1.7727781777198903
962,962,2024-08-22,227.79,8,2024,1.805845003766872,1.805845003766872
963,963,2024-08-23,225.66,8,2024,1.7502232052730498,1.7502232052730498
964,964,2024-08-24,226.725,8,2024,1.7781351175279727,1.7781351175279727
965,965,2024-08-25,225.66,8,2024,1.7502232052730498,1.7502232052730498
966,966,2024-08-26,226.76,8,2024,1.779048968448011,1.779048968448011
967,967,2024-08-27,225.99,8,2024,1.7588937138271323,1.7588937138271323
968,968,2024-08-28,227.92,8,2024,1.8092137121887224,1.8092137121887224
969,969,2024-08-29,230.1,8,2024,1.8652651826348785,1.8652651826348785
970,970,2024-08-30,230.19,8,2024,1.867561574448103,1.867561574448103
971,971,2024-08-31,230.14500000000004,8,2024,1.8664135521482093,1.8664135521482093
972,972,2024-09-01,230.19,9,2024,1.867561574448103,1.867561574448103
973,973,2024-09-02,230.1675,9,2024,1.8669876066890652,1.8669876066890652
974,974,2024-09-03,228.55,9,2024,1.8254969947456008,1.8254969947456008
975,975,2024-09-04,221.66,9,2024,1.6435432241699457,1.6435432241699457
976,976,2024-09-05,221.63,9,2024,1.6427318911194566,1.6427318911194566
977,977,2024-09-06,223.95,9,2024,1.70497815649097,1.70497815649097
978,978,2024-09-07,222.79,9,2024,1.673980316052406,1.673980316052406
979,979,2024-09-08,223.95,9,2024,1.70497815649097,1.70497815649097
980,980,2024-09-09,220.82,9,2024,1.62076150797007,1.62076150797007
981,981,2024-09-10,218.92,9,2024,1.5687335964417677,1.5687335964417677
982,982,2024-09-11,221.46,9,2024,1.6381311273990793,1.6381311273990793
983,983,2024-09-12,222.5,9,2024,1.6661918318132851,1.6661918318132851
984,984,2024-09-13,223.58,9,2024,1.695117929869919,1.695117929869919
985,985,2024-09-14,223.04,9,2024,1.680681954738246,1.680681954738246
986,986,2024-09-15,223.58,9,2024,1.695117929869919,1.695117929869919
987,987,2024-09-16,216.54,9,2024,1.5025682132808131,1.5025682132808131
988,988,2024-09-17,215.75,9,2024,1.4803566301308155,1.4803566301308155
989,989,2024-09-18,217.55,9,2024,1.530783483551016,1.530783483551016
990,990,2024-09-19,224.99,9,2024,1.7325589810433952,1.7325589810433952
991,991,2024-09-20,229.97,9,2024,1.8619457187302784,1.8619457187302784
992,992,2024-09-21,227.48,9,2024,1.7977999181887725,1.7977999181887725
993,993,2024-09-22,229.97,9,2024,1.8619457187302784,1.8619457187302784
994,994,2024-09-23,227.34,9,2024,1.7941610938402277,1.7941610938402277
995,995,2024-09-24,228.65,9,2024,1.828075260175436,1.828075260175436
996,996,2024-09-25,224.93,9,2024,1.7309731416880856,1.7309731416880856
997,997,2024-09-26,227.3,9,2024,1.7931207931636532,1.7931207931636532
998,998,2024-09-27,228.46,9,2024,1.8231750637523991,1.8231750637523991
999,999,2024-09-28,227.88,9,2024,1.8081775030718623,1.8081775030718623
1000,1000,2024-09-29,228.46,9,2024,1.8231750637523991,1.8231750637523991
1001,1001,2024-09-30,230.04,9,2024,1.8637334828756351,1.8637334828756351
1002,1002,2024-10-01,229.52,10,2024,1.850432820978584,1.850432820978584
1003,1003,2024-10-02,225.89,10,2024,1.75626835562882,1.75626835562882
1004,1004,2024-10-03,225.14,10,2024,1.7365207197672723,1.7365207197672723
1005,1005,2024-10-04,227.9,10,2024,1.808695642788284,1.808695642788284
1006,1006,2024-10-05,226.52,10,2024,1.7727781777198903,1.7727781777198903
1007,1007,2024-10-06,227.9,10,2024,1.808695642788284,1.808695642788284
1008,1008,2024-10-07,224.5,10,2024,1.7195887854721568,1.7195887854721568
1009,1009,2024-10-08,224.3,10,2024,1.7142822399086,1.7142822399086
1010,1010,2024-10-09,225.23,10,2024,1.738895804302263,1.738895804302263
1011,1011,2024-10-10,227.78,10,2024,1.8055857492007032,1.8055857492007032
1012,1012,2024-10-11,229.3,10,2024,1.844791579449464,1.844791579449464
1013,1013,2024-10-12,228.54,10,2024,1.825239072247632,1.825239072247632
1014,1014,2024-10-13,229.3,10,2024,1.844791579449464,1.844791579449464
1015,1015,2024-10-14,228.7,10,2024,1.829363739039765,1.829363739039765
1016,1016,2024-10-15,233.61,10,2024,1.953808280575132,1.953808280575132
1017,1017,2024-10-16,231.6,10,2024,1.90335802299403,1.90335802299403
1018,1018,2024-10-17,233.43,10,2024,1.9493177519956983,1.9493177519956983
1019,1019,2024-10-18,236.18,10,2024,2.0173447369476736,2.0173447369476736
1020,1020,2024-10-19,234.805,10,2024,1.9834852813794115,1.9834852813794115
1021,1021,2024-10-20,236.18,10,2024,2.0173447369476736,2.0173447369476736
1022,1022,2024-10-21,234.45,10,2024,1.974693532739804,1.974693532739804
1023,1023,2024-10-22,233.88,10,2024,1.9605340486184024,1.9605340486184024
1024,1024,2024-10-23,234.08,10,2024,1.9655083614440487,1.9655083614440487
1025,1025,2024-10-24,229.98,10,2024,1.8622011651316015,1.8622011651316015
1026,1026,2024-10-25,229.74,10,2024,1.856065706102496,1.856065706102496
1027,1027,2024-10-26,229.86,10,2024,1.8591346740488848,1.8591346740488848
1028,1028,2024-10-27,229.74,10,2024,1.856065706102496,1.856065706102496
1029,1029,2024-10-28,233.32,10,2024,1.9465709027007685,1.9465709027007685
1030,1030,2024-10-29,233.1,10,2024,1.941071190658316,1.941071190658316
1031,1031,2024-10-30,232.61,10,2024,1.928792929427068,1.928792929427068
1032,1032,2024-10-31,229.34,10,2024,1.8458178821968625,1.8458178821968625
1033,1033,2024-11-01,220.96,11,2024,1.6245677588849965,1.6245677588849965
